<?xml version="1.0"?>

<data>
    <value type="dict">
    <value type="string" key="sys.config.path">/etc/my.cnf</value>
    <value type="string" key="sys.config.section">mysqld</value>
      
    <value type="string" key="sys.mysqld.start">systemctl start mysqld.service</value>
    <value type="string" key="sys.mysqld.stop">systemctl stop mysqld.service</value>
    <value type="int" key="sys.usesudo">1</value>
    <value type="int" key="sys.usesu">1</value>

    <value type="string" key="sys.system">Linux</value>
    <value type="string" key="serverVersion">5.6</value>
  </value>
</data>
  
